﻿<?xml version="1.0" encoding="utf-8"?>
<Feature xmlns="http://schemas.microsoft.com/sharepoint/" Hidden="TRUE" Id="c2f9c992-99b0-4ee7-8e48-5d9949e77d3d" ReceiverAssembly="Contoso.Intranet, Version=1.0.0.0, Culture=neutral, PublicKeyToken=f2aa8abe3fc008cb" ReceiverClass="Contoso.Intranet.Features.WebDefault.WebDefaultEventReceiver" Scope="Web" Title="Contoso.Intranet - Web Default">
  <ElementManifests>
    <ElementManifest Location="PBWebTemplateStamp\Elements.xml" />
    <ElementManifest Location="ContosoLibraryContentType\Elements.xml" />
    <ElementManifest Location="LTContosoLibrary\Elements.xml" />
    <ElementFile Location="LTContosoLibrary\Schema.xml" />
    <ElementFile Location="LTContosoLibrary\EditDlg.htm" />
    <ElementFile Location="LTContosoLibrary\FileDlg.htm" />
    <ElementFile Location="LTContosoLibrary\Repair.aspx" />
    <ElementFile Location="LTContosoLibrary\Upload.aspx" />
    <ElementManifest Location="ContosoLibraryInstance\Elements.xml" />
    <ElementManifest Location="OfficeDocuments\Elements.xml" />
    <ElementFile Location="OfficeDocuments\ContosoTemplate.docx" />
    <ElementManifest Location="MOMasterPage\Elements.xml" />
    <ElementFile Location="MOMasterPage\contoso.master" />
  </ElementManifests>
</Feature>
