﻿<?xml version="1.0" encoding="utf-8"?>
<Elements xmlns="http://schemas.microsoft.com/sharepoint/">
  <Module Name="Home" Url="$Resources:osrvcore,List_Pages_UrlName;"
          Path="MOWelcomePagePublishing">
    <File Url="default.aspx" Type="GhostableInLibrary" Level="Draft" >
      <Property Name="Title" Value="Contoso Welcome Page" />
      <Property Name="PublishingPageLayout"
                      Value="~SiteCollection/_catalogs/masterpage/ContosoWelcomeLinks.aspx, Contoso Template" />
      <Property Name="ContentType" Value="Contoso Web Page" />
      <AllUsersWebPart WebPartZoneID="TopColumnZone" WebPartOrder="0">
        <![CDATA[
<?xml version="1.0" encoding="utf-8"?>
<WebPart xmlns:xsd="http://www.w3.org/2001/XMLSchema" xmlns:xsi="http://www.w3.org/2001/XMLSchema-instance" xmlns="http://schemas.microsoft.com/WebPart/v2">
  <Title>Content Editor</Title>
  <FrameType>Default</FrameType>
  <Description>Allows authors to enter rich text content.</Description>
  <IsIncluded>true</IsIncluded>
  <ZoneID>wpz</ZoneID>
  <PartOrder>0</PartOrder>
  <FrameState>Normal</FrameState>
  <Height />
  <Width />
  <AllowRemove>true</AllowRemove>
  <AllowZoneChange>true</AllowZoneChange>
  <AllowMinimize>true</AllowMinimize>
  <AllowConnect>true</AllowConnect>
  <AllowEdit>true</AllowEdit>
  <AllowHide>true</AllowHide>
  <IsVisible>true</IsVisible>
  <DetailLink />
  <HelpLink />
  <HelpMode>Modeless</HelpMode>
  <Dir>Default</Dir>
  <PartImageSmall />
  <MissingAssembly>Cannot import this Web Part.</MissingAssembly>
  <PartImageLarge>/_layouts/15/images/mscontl.gif</PartImageLarge>
  <IsIncludedFilter />
  <Assembly>Microsoft.SharePoint, Version=15.0.0.0, Culture=neutral, PublicKeyToken=71e9bce111e9429c</Assembly>
  <TypeName>Microsoft.SharePoint.WebPartPages.ContentEditorWebPart</TypeName>
  <ContentLink xmlns="http://schemas.microsoft.com/WebPart/v2/ContentEditor" />
  <PartStorage xmlns="http://schemas.microsoft.com/WebPart/v2/ContentEditor" />
</WebPart>
                        ]]>
      </AllUsersWebPart>
      <AllUsersWebPart WebPartZoneID="LeftColumnZone" WebPartOrder="0">
        <![CDATA[
      <webParts>
        <webPart xmlns="http://schemas.microsoft.com/WebPart/v3">
          <metaData>
            <type name="Contoso.Intranet.SP.WebParts.TeaserWebPart.TeaserWebPart, Contoso.Intranet, Version=1.0.0.0, Culture=neutral, PublicKeyToken=f2aa8abe3fc008cb" />
            <importErrorMessage>Cannot import this Web Part.</importErrorMessage>
          </metaData>
          <data>
            <properties>
              <property name="ExportMode" type="exportmode">All</property>
              <property name="HelpUrl" type="string" />
              <property name="Hidden" type="bool">False</property>
              <property name="MyString" type="string">Well hello there!</property>
              <property name="Description" type="string">My Visual Web Part</property>
              <property name="Title" type="string">Contoso.Intranet - TeaserWebPart</property>
              <property name="AllowHide" type="bool">True</property>
              <property name="AllowMinimize" type="bool">True</property>
              <property name="AllowZoneChange" type="bool">True</property>
              <property name="TitleUrl" type="string" />
              <property name="ChromeType" type="chrometype">Default</property>
              <property name="AllowConnect" type="bool">True</property>
              <property name="Width" type="unit" />
              <property name="Height" type="unit" />
              <property name="CatalogIconImageUrl" type="string" />
              <property name="HelpMode" type="helpmode">Navigate</property>
              <property name="AllowEdit" type="bool">True</property>
              <property name="TitleIconImageUrl" type="string" />
              <property name="Direction" type="direction">NotSet</property>
              <property name="AllowClose" type="bool">True</property>
              <property name="ChromeState" type="chromestate">Normal</property>
            </properties>
          </data>
        </webPart>
      </webParts>
      ]]>
      </AllUsersWebPart>
      <AllUsersWebPart WebPartZoneID="RightColumnZone" WebPartOrder="0">
        <![CDATA[
      <webParts>
        <webPart xmlns="http://schemas.microsoft.com/WebPart/v3">
          <metaData>
            <type name="Contoso.Intranet.SP.WebParts.WelcomeWebPart.WelcomeWebPart, Contoso.Intranet, Version=1.0.0.0, Culture=neutral, PublicKeyToken=f2aa8abe3fc008cb" />
            <importErrorMessage>Cannot import this Web Part.</importErrorMessage>
          </metaData>
          <data>
            <properties>
              <property name="ExportMode" type="exportmode">All</property>
              <property name="HelpUrl" type="string" />
              <property name="Hidden" type="bool">False</property>
              <property name="Description" type="string">My Visual Web Part</property>
              <property name="CatalogIconImageUrl" type="string" />
              <property name="Title" type="string">Contoso.Intranet - WelcomeWebPart</property>
              <property name="AllowHide" type="bool">True</property>
              <property name="AllowMinimize" type="bool">True</property>
              <property name="AllowZoneChange" type="bool">True</property>
              <property name="TitleUrl" type="string" />
              <property name="ChromeType" type="chrometype">Default</property>
              <property name="AllowConnect" type="bool">True</property>
              <property name="Width" type="unit" />
              <property name="Height" type="unit" />
              <property name="HelpMode" type="helpmode">Navigate</property>
              <property name="AllowEdit" type="bool">True</property>
              <property name="TitleIconImageUrl" type="string" />
              <property name="Direction" type="direction">NotSet</property>
              <property name="AllowClose" type="bool">True</property>
              <property name="ChromeState" type="chromestate">Normal</property>
            </properties>
          </data>
        </webPart>
      </webParts>
      ]]>
      </AllUsersWebPart>
    </File>
  </Module>
</Elements>