﻿<?xml version="1.0" encoding="utf-8" ?>
<!--Created:cb85b80c-f585-40ff-8bfc-12ff4d0e34a9-->
<App xmlns="http://schemas.microsoft.com/sharepoint/2012/app/manifest"
     Name="WebPartReplacer"
     ProductID="{0b846986-3474-4f1a-93cf-b7817ef057f8}"
     Version="1.0.0.0"
     SharePointMinVersion="15.0.0.0"
>
  <Properties>
    <Title>WebPartReplacer</Title>
    <StartPage>~remoteAppUrl/Pages/Default.aspx?{StandardTokens}</StartPage>
  </Properties>

  <AppPrincipal>
    <RemoteWebApplication ClientId="*" />
  </AppPrincipal>
  <AppPermissionRequests>
  </AppPermissionRequests>
</App>
