﻿<?xml version="1.0" encoding="utf-8"?>
<Feature xmlns="http://schemas.microsoft.com/sharepoint/" Hidden="TRUE" Id="02464339-e494-4257-8018-403b5a4371d9" Scope="Web" Title="Contoso.Intranet - Web Default Publishing">
  <ElementManifests>
    <ElementManifest Location="CTBPages\Elements.xml" />
    <ElementManifest Location="PBWebTemplateStampPublishing\Elements.xml" />
    <ElementManifest Location="MOWelcomePagePublishing\Elements.xml" />
    <ElementFile Location="MOWelcomePagePublishing\default.aspx" />
    <ElementManifest Location="ContosoLibraryContentType\Elements.xml" />
    <ElementManifest Location="LTContosoLibrary\Elements.xml" />
    <ElementFile Location="LTContosoLibrary\Schema.xml" />
    <ElementFile Location="LTContosoLibrary\EditDlg.htm" />
    <ElementFile Location="LTContosoLibrary\FileDlg.htm" />
    <ElementFile Location="LTContosoLibrary\Repair.aspx" />
    <ElementFile Location="LTContosoLibrary\Upload.aspx" />
    <ElementManifest Location="ContosoLibraryInstance\Elements.xml" />
    <ElementManifest Location="OfficeDocuments\Elements.xml" />
    <ElementFile Location="OfficeDocuments\ContosoTemplate.docx" />
    <ElementManifest Location="MOContosoDocument\Elements.xml" />
    <ElementFile Location="MOContosoDocument\ContosoDocument.docx" />
  </ElementManifests>
</Feature>