﻿<?xml version="1.0" encoding="utf-8"?>
<Feature xmlns="http://schemas.microsoft.com/sharepoint/" Id="7e2ab32f-6903-44b9-affc-8f31360bfbbb" Scope="Site" Title="Contoso.Intranet - Site Default Publishing">
  <ElementManifests>
    <ElementManifest Location="ContosoStatus\Elements.xml" />
    <ElementManifest Location="ContosoDocument\Elements.xml" />
    <ElementManifest Location="ContosoWebPage\Elements.xml" />
    <ElementManifest Location="MOPageLayouts\Elements.xml" />
    <ElementFile Location="MOPageLayouts\ContosoWelcomeLinks.aspx" />
    <ElementManifest Location="MOMasterPage\Elements.xml" />
    <ElementFile Location="MOMasterPage\contoso.master" />
    <ElementManifest Location="WelcomeWebPart\Elements.xml" />
    <ElementFile Location="WelcomeWebPart\WelcomeWebPart.webpart" />
    <ElementManifest Location="TeaserWebPart\Elements.xml" />
    <ElementFile Location="TeaserWebPart\TeaserWebPart.webpart" />
  </ElementManifests>
</Feature>