﻿<?xml version="1.0" encoding="utf-8"?>
<Solution xmlns="http://schemas.microsoft.com/sharepoint/" SolutionId="1ebc81c3-3755-47a3-b8b6-e880309acaf6" SharePointProductVersion="15.0">
  <Assemblies>
    <Assembly Location="Contoso.Intranet.dll" DeploymentTarget="GlobalAssemblyCache">
      <SafeControls>
        <SafeControl Assembly="Contoso.Intranet, Version=1.0.0.0, Culture=neutral, PublicKeyToken=f2aa8abe3fc008cb" Namespace="Contoso.Intranet.SP.WebParts.WelcomeWebPart" TypeName="*" />
        <SafeControl Assembly="Contoso.Intranet, Version=1.0.0.0, Culture=neutral, PublicKeyToken=f2aa8abe3fc008cb" Namespace="Contoso.Intranet.SP.WebParts.TeaserWebPart" TypeName="*" />
        <SafeControl Assembly="Contoso.Intranet, Version=1.0.0.0, Culture=neutral, PublicKeyToken=f2aa8abe3fc008cb" Namespace="Contoso.Intranet.SP.WebParts.WelcomeWebPart" TypeName="*" />
        <SafeControl Assembly="Contoso.Intranet, Version=1.0.0.0, Culture=neutral, PublicKeyToken=f2aa8abe3fc008cb" Namespace="Contoso.Intranet.SP.WebParts.TeaserWebPart" TypeName="*" />
      </SafeControls>
    </Assembly>
  </Assemblies>
  <TemplateFiles>
    <TemplateFile Location="CONTROLTEMPLATES\Contoso.Intranet\ContosoMasterPageControl.ascx" />
    <TemplateFile Location="CONTROLTEMPLATES\Contoso.Intranet\ContosoPageLayoutControl.ascx" />
  </TemplateFiles>
  <FeatureManifests>
    <FeatureManifest Location="Contoso.Intranet_FarmDefault\Feature.xml" />
    <FeatureManifest Location="Contoso.Intranet_SiteDefaultPublishing\Feature.xml" />
    <FeatureManifest Location="Contoso.Intranet_SiteDefault\Feature.xml" />
    <FeatureManifest Location="Contoso.Intranet_WebDefault\Feature.xml" />
    <FeatureManifest Location="Contoso.Intranet_WebDefaultPublishing\Feature.xml" />
  </FeatureManifests>
</Solution>