﻿<?xml version="1.0" encoding="utf-8"?>
<Feature xmlns="http://schemas.microsoft.com/sharepoint/" Id="a3fed161-004e-4a9c-bb07-1966f27f2cab" Scope="Site" Title="Contoso.Intranet - Site Default">
  <ElementManifests>
    <ElementManifest Location="ContosoStatus\Elements.xml" />
    <ElementManifest Location="ContosoDocument\Elements.xml" />
    <ElementManifest Location="MOMasterPage\Elements.xml" />
    <ElementFile Location="MOMasterPage\contoso.master" />
    <ElementManifest Location="WelcomeWebPart\Elements.xml" />
    <ElementFile Location="WelcomeWebPart\WelcomeWebPart.webpart" />
    <ElementManifest Location="TeaserWebPart\Elements.xml" />
    <ElementFile Location="TeaserWebPart\TeaserWebPart.webpart" />
  </ElementManifests>
</Feature>
