﻿<?xml version="1.0" encoding="utf-8"?>
<Project Title="$Resources:onet_TeamWebSite;" Revision="3" ListDir="$Resources:core,lists_Folder;" xmlns:ows="Microsoft SharePoint" UIVersion="15" HideSiteContentsLink="true">
  <NavBars>
    <NavBar Name="$Resources:core,category_Top;" Separator="&amp;nbsp;&amp;nbsp;&amp;nbsp;" Body="&lt;a ID='onettopnavbar#LABEL_ID#' href='#URL#' accesskey='J'&gt;#LABEL#&lt;/a&gt;" ID="1002" />
    <NavBar Name="$Resources:core,category_NavHome;" Prefix="&lt;table border='0' cellpadding='4' cellspacing='0'&gt;" Body="&lt;tr&gt;&lt;td&gt;&lt;table border='0' cellpadding='0' cellspacing='0'&gt;&lt;tr&gt;&lt;td&gt;&lt;img src='/_layouts/15/images/blank.gif' id='100' alt='' border='0'&gt;&amp;nbsp;&lt;/td&gt;&lt;td valign='top'&gt;&lt;a id='onetleftnavbar#LABEL_ID#' href='#URL#'&gt;#LABEL#&lt;/td&gt;&lt;/tr&gt;&lt;/table&gt;&lt;/td&gt;&lt;/tr&gt;" Suffix="&lt;/table&gt;" ID="1031" />
    <NavBar Name="$Resources:core,category_SiteContents;" Prefix="&lt;table border='0' cellpadding='4' cellspacing='0'&gt;" Body="&lt;tr&gt;&lt;td&gt;&lt;table border='0' cellpadding='0' cellspacing='0'&gt;&lt;tr&gt;&lt;td&gt;&lt;img src='/_layouts/15/images/blank.gif' id='100' alt='' border='0'&gt;&amp;nbsp;&lt;/td&gt;&lt;td valign='top'&gt;&lt;a id='onetleftnavbar#LABEL_ID#' href='#URL#'&gt;#LABEL#&lt;/td&gt;&lt;/tr&gt;&lt;/table&gt;&lt;/td&gt;&lt;/tr&gt;" Suffix="&lt;/table&gt;" ID="1034" />
    <NavBar Name="$Resources:core,SiteSettings_SearchNav_Title;" Separator="&amp;nbsp;&amp;nbsp;&amp;nbsp;" Body="&lt;a ID='onettopnavbar#LABEL_ID#' href='#URL#' accesskey='J'&gt;#LABEL#&lt;/a&gt;" ID="1040" />
  </NavBars>
  <ListTemplates>
  </ListTemplates>
  <DocumentTemplates />
  <Configurations>
    <Configuration ID="-1" Name="NewWeb" MasterUrl="_catalogs/masterpage/seattle.master" />
    <Configuration ID="0" Name="Default" MasterUrl="_catalogs/masterpage/seattle.master">
      <Lists />
      <Modules />
      <SiteFeatures>
        
        <!-- BasicWebParts Feature -->
        <Feature ID="00BFEA71-1C5E-4A24-B310-BA51C3EB7A57" />
        <!-- Three-state Workflow Feature -->
        <Feature ID="FDE5D850-671E-4143-950A-87B473922DC7" />
        
        <!-- Activate custom default site collection scoped feature -->
        <Feature ID="a3fed161-004e-4a9c-bb07-1966f27f2cab" />
        
      </SiteFeatures>
      <WebFeatures>
        <!-- TeamCollab Feature -->
        <Feature ID="00BFEA71-4EA5-48D4-A4AD-7EA5C011ABE5" />
        <!-- MobilityRedirect -->
        <Feature ID="F41CC668-37E5-4743-B4A8-74D1DB3FD8A4" />
        <!-- WikiPageHomePage Feature -->
        <Feature ID="00BFEA71-D8FE-4FEC-8DAD-01C19A6E4053" />
        <!-- SiteNotebook Feature -->
        <Feature ID="F151BB39-7C3B-414F-BB36-6BF18872052F" />
        <!-- Getting Started List instance -->
        <Feature ID="4AEC7207-0D02-4f4f-AA07-B370199CD0C7" />
        <!-- MDS -->
        <Feature ID="87294C72-F260-42f3-A41B-981A2FFCE37A" />

        <!-- Activate custom default web scoped feature (WebDefault) -->
        <Feature ID="c2f9c992-99b0-4ee7-8e48-5d9949e77d3d" />

        <!-- Features which would be normally activated for team site with feature stabling - Note some will also activate dependent features -->

        <!-- MBrowserRedirect -->
        <Feature ID="d95c97f3-e528-4da2-ae9f-32b3535fbb59" />
        <!--DataConnectionLibrary-->
        <Feature ID="00bfea71-dbd7-4f72-b8cb-da7ac0440130" />
        <!--FollowingContent-->
        <Feature ID="a7a2793e-67cd-4dc1-9fd0-43f61581207a" />
        <!-- AccSvcAddAccessApp-->
        <Feature ID="d2b9ec23-526b-42c5-87b6-852bd83e0364" />
        <!-- WorkflowServiceStore -->
        <Feature ID="2c63df2b-ceab-42c6-aeff-b3968162d4b1" />
        <!-- WorkflowTask -->
        <Feature ID="57311b7a-9afd-4ff0-866e-9393ad6647b1" />
        <!-- SiteFeedController -->
        <Feature ID="5153156a-63af-4fac-b557-91bd8c315432" />
        <!-- TaskListNewsFeed -->
        <Feature ID="ff13819a-a9ac-46fb-8163-9d53357ef98d" />
        <!-- BizAppsListTemplates -->
        <Feature ID="065c78be-5231-477e-a972-14177cc5b3c7" />
        <!-- PremiumWeb -->
        <Feature ID="0806d127-06e6-447a-980e-2e90b03101b8" />
        <!-- BaseWeb -->
        <Feature ID="99fe402e-89a0-45aa-9163-85342e865dc8" />
        <!-- IPFSWebFeatures -->
        <Feature ID="a0e5a010-1329-49d4-9e09-f280cdbed37d" />

        <!-- END of stapled feature associations -->

      </WebFeatures>
    </Configuration>
  </Configurations>
  <Modules />
</Project>