﻿<?xml version="1.0" encoding="utf-8"?>
<Elements xmlns="http://schemas.microsoft.com/sharepoint/">
  <Module Name="MOPageLayouts" Url="_catalogs/masterpage" RootWebOnly="TRUE">
    <File Url="ContosoWelcomeLinks.aspx" Type="GhostableInLibrary" Path="MOPageLayouts\ContosoWelcomeLinks.aspx" >
      <Property Name="Title" Value="Contoso Page" />
      <Property Name="MasterPageDescription" Value="Example contoso page layout" />
      <Property Name="ContentType" Value="$Resources:cmscore,contenttype_pagelayout_name;" />
      <Property Name="PublishingPreviewImage" Value="~SiteCollection/_catalogs/masterpage/$Resources:core,Culture;/Preview Images/WelcomeLinks.png, ~SiteCollection/_catalogs/masterpage/$Resources:core,Culture;/Preview Images/WelcomeLinks.png" />
      <Property Name="PublishingAssociatedContentType" Value=";#Contoso Web Page;#0x010100C568DB52D9D0A14D9B2FDCC96666E9F2007948130EC3DB064584E219954237AF390064DEA0F50FC8C147B0B6EA0636C4A7D4008FCDC60EFAAD413DA3C18434003726F5;#" />
    </File>
  </Module>
</Elements>
