﻿<?xml version="1.0" encoding="utf-8" ?>
<!-- _lcid="1033" _version="12.0.2220" _dal="1" -->
<!-- _LocalBinding -->
<Project Revision="3" Title="$Resources:cmscore,IPPT_Project_Title;" ListDir="Lists" xmlns:ows="Microsoft SharePoint" UIVersion="15">
  <NavBars>
    <NavBar Name="SharePoint Top Navbar" ID="1002">
    </NavBar>
  </NavBars>
  <ListTemplates />
  <DocumentTemplates />
  <Configurations>
    <Configuration ID="-1" Name="NewWeb"/>
    <Configuration ID="0" Name="BLANKINTERNET">
      <SiteFeatures>
        <!-- Workflow Features -->
        <!-- Workflow Expiration -->
        <Feature ID="C85E5759-F323-4EFB-B548-443D2216EFB5" />
        <!-- DLC Workflows -->
        <Feature ID="0AF5989A-3AEA-4519-8AB0-85D91ABE39FF" />
        <Feature ID="A44D2AA3-AFFC-4d58-8DB4-F4A3AF053188" />
        <Feature ID="A392DA98-270B-4e85-9769-04C0FDE267AA">
          <!-- PublishingPrerequisites -->
        </Feature>
        <Feature ID="7C637B23-06C4-472d-9A9A-7C175762C5C4">
          <!-- ViewFormPagesLockDown -->
        </Feature>
        <Feature ID="AEBC918D-B20F-4a11-A1DB-9ED84D79C87E">
          <!-- PublishingResources -->
          <Properties xmlns="http://schemas.microsoft.com/sharepoint/">
            <Property Key="AllowRss" Value="false"/>
            <Property Key="SimplePublishing" Value="false" />
          </Properties>
        </Feature>
        <Feature ID="F6924D36-2FA8-4f0b-B16D-06B7250180FA">
          <!-- Office SharePoint Server Publishing -->
        </Feature>
        <!-- SearchCenter Url feature -->
        <Feature ID="6E1E5426-2EBD-4871-8027-C5CA86371EAD">
        </Feature>
        
        <!-- Add custom feature to be activated -->
        <Feature ID="7e2ab32f-6903-44b9-affc-8f31360bfbbb"></Feature>
      </SiteFeatures>
      <WebFeatures>
        <!-- Include the common WSSListTemplateFeatures used by CMS -->
        <Feature ID="00BFEA71-DE22-43B2-A848-C05709900100" > </Feature>
        <Feature ID="00BFEA71-E717-4E80-AA17-D0C71B360101" > </Feature>
        <Feature ID="00BFEA71-52D4-45B3-B544-B1C71B620109" > </Feature>
        <Feature ID="00BFEA71-A83E-497E-9BA0-7A5C597D0107" > </Feature>
        <Feature ID="00BFEA71-4EA5-48D4-A4AD-305CF7030140" > </Feature>
        <Feature ID="00BFEA71-F600-43F6-A895-40C0DE7B0117" > </Feature>
        <Feature ID="22A9EF51-737B-4ff2-9346-694633FE4416">
          <!-- Publishing -->
          <Properties xmlns="http://schemas.microsoft.com/sharepoint/">
            <Property Key="ChromeMasterUrl" Value="~SiteCollection/_catalogs/masterpage/contoso.master"/>
            <Property Key="WelcomePageUrl" Value="$Resources:osrvcore,List_Pages_UrlName;/default.aspx"/>
            <Property Key="PagesListUrl" Value=""/>
            <Property Key="AvailableWebTemplates" Value="*-{53a719c7-6766-4bba-bf89-a5789ea2360a}#WTContosoPublishing;*-ENTERWIKI#0"/>
            <Property Key="AvailablePageLayouts" Value="~SiteCollection/_catalogs/masterpage/ContosoWelcomeLinks.aspx"/>
            <Property Key="AlternateCssUrl" Value="" />
            <Property Key="SimplePublishing" Value="true" />
          </Properties>
        </Feature>
        <Feature ID="541F5F57-C847-4e16-B59A-B31E90E6F9EA">
          <!-- Per-Web Portal Navigation Properties-->
          <Properties xmlns="http://schemas.microsoft.com/sharepoint/">
            <Property Key="InheritGlobalNavigation" Value="true"/>
            <Property Key="IncludeSubSites" Value="true"/>
            <Property Key="IncludePages" Value="false"/>
          </Properties>
        </Feature>
        <Feature ID="94C94CA6-B32F-4da9-A9E3-1F3D343D7ECB">
          <!-- Office SharePoint Server Publishing -->
        </Feature>
        <!-- Welcome page provisioning for the web template -->
        <Feature ID="02464339-e494-4257-8018-403b5a4371d9" />
      </WebFeatures>
      <Modules />
    </Configuration>
  </Configurations>
  <Modules />
</Project>
